timestamp,question,answer,inference_time_s
2026-03-24 09:12:09,Bệnh đạo ôn là gì?,"Bệnh đạo ôn là một loại bệnh hại lúa, có thể phát sinh từ thời kỳ mạ đến lúa chín và gây hại trên các bộ phận như bẹ lá, lá, thân, cổ bông, gié... Bệnh đạo ôn có thể làm cây lúa khô héo và dẫn đến chết, giảm năng suất và chất lượng lúa.",
2026-03-24 09:12:30,"THÔNG TIN ẢNH: Ảnh chụp cho thấy triệu chứng giống bệnh đốm nâu (độ tin cậy 100.0%).
CÂU HỎI CỦA NGƯỜI DÙNG: Hãy chẩn đoán bệnh từ ảnh này, mô tả nguyên nhân, triệu chứng và đưa ra biện pháp phòng trừ/điều trị chi tiết.

YÊU CẦU ĐẶC BIỆT: Hãy mở đầu câu trả lời bằng việc tóm tắt lại chẩn đoán bệnh từ ảnh (ví dụ: 'Dựa vào phân tích ảnh, cây đang có dấu hiệu...'). Sau đó, đưa ra các biện pháp phòng trừ và điều trị chi tiết dựa trên tài liệu theo yêu cầu của người dùng.","Dựa vào phân tích ảnh, cây đang có dấu hiệu mắc bệnh đốm nâu với độ tin cậy 100.0%. Bệnh đốm nâu trên cây lúa thường xuất hiện ở các vùng đất nghèo chất dinh dưỡng như đất phèn, đất cát gần chân núi. Khi mắc bệnh, lá và rễ của cây lúa sẽ khó phát triển và gặp nhiều khó khăn trong quá trình hút chất dinh dưỡng, dẫn đến cây lúa ốm yếu, còi cọc. Để phòng trừ bệnh đốm nâu trên cây lúa, cần đảm bảo giống lúa trồng là giống sạch bệnh và động ruộng trước khi gieo sạ cần phải được vệ sinh kỹ càng. Ngoài ra, cần cung cấp đầy đủ nước cho cây và tránh để đất bị lên phèn. Việc sử dụng giống lúa kháng bệnh và áp dụng các biện pháp canh tác tốt cũng giúp giảm thiểu nguy cơ mắc bệnh.",
2026-03-24 09:12:47,"THÔNG TIN ẢNH: Ảnh chụp cho thấy triệu chứng giống bệnh đạo ôn lá (độ tin cậy 99.9%).
CÂU HỎI CỦA NGƯỜI DÙNG: Hãy chẩn đoán bệnh từ ảnh này, mô tả nguyên nhân, triệu chứng và đưa ra biện pháp phòng trừ/điều trị chi tiết.

YÊU CẦU ĐẶC BIỆT: Hãy mở đầu câu trả lời bằng việc tóm tắt lại chẩn đoán bệnh từ ảnh (ví dụ: 'Dựa vào phân tích ảnh, cây đang có dấu hiệu...'). Sau đó, đưa ra các biện pháp phòng trừ và điều trị chi tiết dựa trên tài liệu theo yêu cầu của người dùng.","Dựa vào phân tích ảnh, cây đang có dấu hiệu bị bệnh đạo ôn lá. Tuy nhiên, tài liệu hiện tại không cung cấp thông tin cụ thể về bệnh này. Để chẩn đoán và điều trị bệnh, cần thu thập thêm thông tin về triệu chứng, nguyên nhân và biện pháp phòng trừ. Thông thường, bệnh đạo ôn lá có thể gây ra bởi các tác nhân như nấm, vi khuẩn hoặc virus, và có thể được điều trị bằng cách sử dụng thuốc trừ bệnh hoặc thay đổi điều kiện môi trường. Tuy nhiên, để có được biện pháp điều trị chính xác, cần phải có thông tin cụ thể về loại bệnh và tình trạng cây trồng.",
2026-03-24 09:13:14,"THÔNG TIN ẢNH: Ảnh chụp cho thấy triệu chứng giống bệnh đạo ôn lá (độ tin cậy 99.9%).
CÂU HỎI CỦA NGƯỜI DÙNG: Hãy chẩn đoán bệnh từ ảnh này, mô tả nguyên nhân, triệu chứng và đưa ra biện pháp phòng trừ/điều trị chi tiết.

YÊU CẦU ĐẶC BIỆT: Hãy mở đầu câu trả lời bằng việc tóm tắt lại chẩn đoán bệnh từ ảnh (ví dụ: 'Dựa vào phân tích ảnh, cây đang có dấu hiệu...'). Sau đó, đưa ra các biện pháp phòng trừ và điều trị chi tiết dựa trên tài liệu theo yêu cầu của người dùng.","Dựa vào phân tích ảnh, cây đang có dấu hiệu bị bệnh đạo ôn lá với độ tin cậy 99.9%. Tuy nhiên, tài liệu hiện tại không cung cấp thông tin cụ thể về bệnh đạo ôn lá, nguyên nhân, triệu chứng và biện pháp phòng trừ/điều trị. Để có thông tin chính xác, cần tham khảo thêm các nguồn tài liệu chuyên sâu về bệnh cây hoặc tư vấn từ chuyên gia.",
2026-03-24 09:22:43,"THÔNG TIN ẢNH: Ảnh chụp cho thấy triệu chứng giống bệnh đạo ôn lá (độ tin cậy 99.9%).
CÂU HỎI CỦA NGƯỜI DÙNG: Hãy chẩn đoán bệnh từ ảnh này, mô tả nguyên nhân, triệu chứng và đưa ra biện pháp phòng trừ/điều trị chi tiết.

YÊU CẦU ĐẶC BIỆT: Hãy mở đầu câu trả lời bằng việc tóm tắt lại chẩn đoán bệnh từ ảnh (ví dụ: 'Dựa vào phân tích ảnh, cây đang có dấu hiệu...'). Sau đó, đưa ra các biện pháp phòng trừ và điều trị chi tiết dựa trên tài liệu theo yêu cầu của người dùng.","Dựa vào phân tích ảnh, cây đang có dấu hiệu bị bệnh đạo ôn lá. Tuy nhiên, tài liệu hiện tại không cung cấp thông tin cụ thể về bệnh đạo ôn lá, nguyên nhân gây bệnh, triệu chứng và biện pháp phòng trừ/điều trị. Do đó, không thể đưa ra chẩn đoán và biện pháp cụ thể. Để có thông tin chính xác, cần tham khảo thêm các nguồn tài liệu khác về bệnh cây trồng.",
2026-03-24 09:23:09,"THÔNG TIN ẢNH: Ảnh chụp cho thấy triệu chứng giống bệnh đạo ôn lá (độ tin cậy 97.1%).
CÂU HỎI CỦA NGƯỜI DÙNG: Hãy chẩn đoán bệnh từ ảnh này, mô tả nguyên nhân, triệu chứng và đưa ra biện pháp phòng trừ/điều trị chi tiết.

YÊU CẦU ĐẶC BIỆT: Hãy mở đầu câu trả lời bằng việc tóm tắt lại chẩn đoán bệnh từ ảnh (ví dụ: 'Dựa vào phân tích ảnh, cây đang có dấu hiệu...'). Sau đó, đưa ra các biện pháp phòng trừ và điều trị chi tiết dựa trên tài liệu theo yêu cầu của người dùng.","Dựa vào phân tích ảnh, cây đang có dấu hiệu bị bệnh đạo ôn lá với độ tin cậy 97.1%. Tuy nhiên, tài liệu hiện tại không cung cấp thông tin cụ thể về bệnh đạo ôn lá, nguyên nhân và triệu chứng của nó. Để đưa ra biện pháp phòng trừ và điều trị chính xác, cần phải có thông tin chi tiết hơn về bệnh này. Tuy nhiên, dựa trên thông tin chung về bệnh cây, có thể đề xuất một số biện pháp chung như kiểm tra cây thường xuyên, sử dụng thuốc bảo vệ thực vật, cải thiện điều kiện môi trường và dinh dưỡng cho cây.",
2026-03-24 09:23:18,"THÔNG TIN ẢNH: Ảnh chụp cho thấy triệu chứng giống bệnh đạo ôn lá (độ tin cậy 71.4%).
CÂU HỎI CỦA NGƯỜI DÙNG: Hãy chẩn đoán bệnh từ ảnh này, mô tả nguyên nhân, triệu chứng và đưa ra biện pháp phòng trừ/điều trị chi tiết.

YÊU CẦU ĐẶC BIỆT: Hãy mở đầu câu trả lời bằng việc tóm tắt lại chẩn đoán bệnh từ ảnh (ví dụ: 'Dựa vào phân tích ảnh, cây đang có dấu hiệu...'). Sau đó, đưa ra các biện pháp phòng trừ và điều trị chi tiết dựa trên tài liệu theo yêu cầu của người dùng.","Dựa vào phân tích ảnh, cây đang có dấu hiệu bị bệnh đạo ôn lá với độ tin cậy 71.4%. Tuy nhiên, không có thông tin cụ thể về bệnh đạo ôn lá trong tài liệu cung cấp. Để chẩn đoán và điều trị bệnh, cần thu thập thêm thông tin về triệu chứng và nguyên nhân gây bệnh. Các biện pháp phòng trừ và điều trị chung cho bệnh cây bao gồm: sử dụng thuốc bảo vệ thực vật, cải thiện điều kiện môi trường, và áp dụng các biện pháp luân canh cây trồng. Tuy nhiên, để có biện pháp cụ thể, cần xác định chính xác loại bệnh và nguyên nhân gây bệnh.",
2026-03-24 09:31:25,"THÔNG TIN ẢNH: Ảnh chụp cho thấy triệu chứng giống bệnh bạc lá (bạc lá vi khuẩn) (độ tin cậy 100.0%).
CÂU HỎI CỦA NGƯỜI DÙNG: Hãy chẩn đoán bệnh từ ảnh này, mô tả nguyên nhân, triệu chứng và đưa ra biện pháp phòng trừ/điều trị chi tiết.

YÊU CẦU ĐẶC BIỆT: Hãy mở đầu câu trả lời bằng việc tóm tắt lại chẩn đoán bệnh từ ảnh (ví dụ: 'Dựa vào phân tích ảnh, cây đang có dấu hiệu...'). Sau đó, đưa ra các biện pháp phòng trừ và điều trị chi tiết dựa trên tài liệu theo yêu cầu của người dùng.","Dựa vào phân tích ảnh, cây đang có dấu hiệu bị bệnh bạc lá (bạc lá vi khuẩn) với độ tin cậy 100.0%. Tuy nhiên, tài liệu không cung cấp thông tin cụ thể về bệnh này. Để chẩn đoán và điều trị bệnh, cần phải kiểm tra cây cẩn thận và thu thập thêm thông tin về triệu chứng và nguyên nhân gây bệnh. Các biện pháp phòng trừ và điều trị có thể bao gồm việc sử dụng thuốc trừ bệnh, cải thiện điều kiện trồng trọt, và áp dụng các biện pháp quản lý bệnh hại tổng hợp. Tuy nhiên, do thiếu thông tin cụ thể, không thể đưa ra biện pháp cụ thể cho bệnh này.",
2026-03-24 09:34:35,"THÔNG TIN ẢNH: Ảnh chụp cho thấy triệu chứng giống bệnh đốm nâu (độ tin cậy 100.0%).
CÂU HỎI CỦA NGƯỜI DÙNG: Hãy chẩn đoán bệnh từ ảnh này, mô tả nguyên nhân, triệu chứng và đưa ra biện pháp phòng trừ/điều trị chi tiết.

YÊU CẦU ĐẶC BIỆT: Hãy mở đầu câu trả lời bằng việc tóm tắt lại chẩn đoán bệnh từ ảnh (ví dụ: 'Dựa vào phân tích ảnh, cây đang có dấu hiệu...'). Sau đó, đưa ra các biện pháp phòng trừ và điều trị chi tiết dựa trên tài liệu theo yêu cầu của người dùng.","Dựa vào phân tích ảnh, cây đang có dấu hiệu bị bệnh đốm nâu. Bệnh đốm nâu trên cây lúa là do 2 loại nấm khác nhau gây ra, nhưng điều kiện để chúng sinh sôi và phát triển thì lại vô cùng giống nhau. Các vết bệnh đốm nâu trên lúa do 2 loại nấm này gây ra đều nằm xen kẽ với nhau trên cùng một thân lúa. 
    **Nguyên nhân:** Bệnh đốm nâu trên cây lúa thường xuất hiện ở các vùng đất nghèo chất dinh dưỡng như đất phèn, đất cát gần chân núi. Khi mắc bệnh, lá và rễ của cây lúa sẽ khó phát triển và gặp nhiều khó khăn trong quá trình hút chất dinh dưỡng dẫn đến cây lúa ốm yếu còi cọc.
    **Triệu chứng:** Triệu chứng của bệnh đốm nâu trên cây lúa là lá và rễ của cây lúa sẽ khó phát triển, cây lúa ốm yếu còi cọc.
    **Biện pháp phòng trừ và điều trị:** Để xử lý và phòng trừ bệnh đốm nâu trên cây lúa, cần phải đảm bảo giống lúa trồng là giống sạch bệnh và động ruộng trước khi gieo sạ cần phải được vệ sinh kỹ càng. Cần cung cấp đầy đủ nước cho cây lúa, tránh để đất quá khô. Ngoài ra, cần sử dụng các biện pháp phòng trừ bệnh khác như sử dụng thuốc trừ nấm, cải thiện điều kiện đất và cung cấp đủ chất dinh dưỡng cho cây lúa.",
2026-03-24 09:36:32,"THÔNG TIN ẢNH: Ảnh chụp cho thấy triệu chứng giống bệnh đạo ôn lá (độ tin cậy 100.0%).
CÂU HỎI CỦA NGƯỜI DÙNG: Hãy chẩn đoán bệnh từ ảnh này, mô tả nguyên nhân, triệu chứng và đưa ra biện pháp phòng trừ/điều trị chi tiết.

YÊU CẦU ĐẶC BIỆT: Hãy mở đầu câu trả lời bằng việc tóm tắt lại chẩn đoán bệnh từ ảnh (ví dụ: 'Dựa vào phân tích ảnh, cây đang có dấu hiệu...'). Sau đó, đưa ra các biện pháp phòng trừ và điều trị chi tiết dựa trên tài liệu theo yêu cầu của người dùng.","Dựa vào phân tích ảnh, cây đang có dấu hiệu bị bệnh đạo ôn lá. Tuy nhiên, tài liệu không cung cấp thông tin cụ thể về bệnh đạo ôn lá. Để chẩn đoán và điều trị bệnh, cần phải kiểm tra cây cẩn thận và xác định nguyên nhân gây bệnh. Các biện pháp phòng trừ và điều trị có thể bao gồm việc sử dụng thuốc bảo vệ thực vật, cải thiện điều kiện môi trường và chăm sóc cây cẩn thận. Tuy nhiên, do không có thông tin cụ thể về bệnh đạo ôn lá, không thể đưa ra biện pháp cụ thể.",
2026-03-24 09:42:52,"THÔNG TIN ẢNH: Ảnh chụp cho thấy triệu chứng giống bệnh đạo ôn lá (độ tin cậy 100.0%).
CÂU HỎI CỦA NGƯỜI DÙNG: Hãy chẩn đoán bệnh từ ảnh này, mô tả nguyên nhân, triệu chứng và đưa ra biện pháp phòng trừ/điều trị chi tiết.

YÊU CẦU ĐẶC BIỆT: Hãy mở đầu câu trả lời bằng việc tóm tắt lại chẩn đoán bệnh từ ảnh (ví dụ: 'Dựa vào phân tích ảnh, cây đang có dấu hiệu...'). Sau đó, đưa ra các biện pháp phòng trừ và điều trị chi tiết dựa trên tài liệu theo yêu cầu của người dùng.","Dựa vào phân tích ảnh, cây đang có dấu hiệu bị bệnh đạo ôn lá. Tuy nhiên, tài liệu không cung cấp thông tin cụ thể về bệnh này. Để chẩn đoán và điều trị bệnh, cần phải quan sát cẩn thận các triệu chứng trên cây, bao gồm cả lá, hoa, quả, thân và rễ. Các triệu chứng có thể bao gồm héo, ngả vàng, còi cọc, và các dấu hiệu khác. Để phòng trừ và điều trị bệnh, có thể áp dụng các biện pháp như vệ sinh cây trồng, sử dụng thuốc bảo vệ thực vật, và cải thiện điều kiện môi trường. Tuy nhiên, cần phải xác định chính xác nguyên nhân gây bệnh để có biện pháp điều trị hiệu quả.",
2026-03-24 09:43:02,đây là bệnh đốm nâu mà,"Bệnh đốm nâu là một loại bệnh phổ biến trên cây lúa, gây hại cho cây bằng cách tạo ra các vết bệnh màu nâu trên lá và hạt. Bệnh này thường phát triển trong điều kiện các đồng ruộng nghèo nàn chất dinh dưỡng, đát cát, ruộng phèn, đất khô hạn, ngập nước lâu ngày hoặc ngộ độc chất hữu cơ do bón phân quá liều.",
2026-03-24 09:43:18,"THÔNG TIN ẢNH: Ảnh chụp cho thấy triệu chứng giống bệnh bạc lá (bạc lá vi khuẩn) (độ tin cậy 100.0%).
CÂU HỎI CỦA NGƯỜI DÙNG: Hãy chẩn đoán bệnh từ ảnh này, mô tả nguyên nhân, triệu chứng và đưa ra biện pháp phòng trừ/điều trị chi tiết.

YÊU CẦU ĐẶC BIỆT: Hãy mở đầu câu trả lời bằng việc tóm tắt lại chẩn đoán bệnh từ ảnh (ví dụ: 'Dựa vào phân tích ảnh, cây đang có dấu hiệu...'). Sau đó, đưa ra các biện pháp phòng trừ và điều trị chi tiết dựa trên tài liệu theo yêu cầu của người dùng.","Dựa vào phân tích ảnh, cây đang có dấu hiệu bị bệnh bạc lá (bạc lá vi khuẩn). Tuy nhiên, tài liệu hiện tại không cung cấp thông tin cụ thể về nguyên nhân, triệu chứng và biện pháp phòng trừ/điều trị của bệnh này. Để có thông tin chính xác, cần tham khảo thêm các nguồn tài liệu khác hoặc tư vấn từ chuyên gia.",
2026-03-24 09:43:42,"THÔNG TIN ẢNH: Ảnh chụp cho thấy triệu chứng giống bọ cánh cứng gai hại lúa (rice hispa) (độ tin cậy 100.0%).
CÂU HỎI CỦA NGƯỜI DÙNG: Hãy chẩn đoán bệnh từ ảnh này, mô tả nguyên nhân, triệu chứng và đưa ra biện pháp phòng trừ/điều trị chi tiết.

YÊU CẦU ĐẶC BIỆT: Hãy mở đầu câu trả lời bằng việc tóm tắt lại chẩn đoán bệnh từ ảnh (ví dụ: 'Dựa vào phân tích ảnh, cây đang có dấu hiệu...'). Sau đó, đưa ra các biện pháp phòng trừ và điều trị chi tiết dựa trên tài liệu theo yêu cầu của người dùng.","Dựa vào phân tích ảnh, cây đang có dấu hiệu bị **bọ cánh cứng gai hại lúa (rice hispa)**. Bọ gai cắn phá cây lúa từ lúc còn nhỏ đến khi trưởng thành, gây ra các vết trắng trên phiến lá. Để phòng trừ bọ gai, có thể phun thuốc trừ sâu lên tán lá. Ngoài ra, cần vệ sinh đồng ruộng thật tốt, đốt cỏ rơm rạ trước, cày ải phơi đất ít nhất một tháng rồi cho ngập nước liên tục 3-4 tuần trước khi gieo cấy để diệt tuyến trùng trong đất hoặc khử đất trước khi cấy với các loại thuốc trừ sâu.",
2026-03-24 09:44:20,"THÔNG TIN ẢNH: Ảnh chụp có thể cho thấy triệu chứng của bệnh đạo ôn lá (47%) hoặc bệnh đốm nâu (35%) — mức độ tin cậy thấp, cần xem xét thêm.
CÂU HỎI CỦA NGƯỜI DÙNG: Hãy chẩn đoán bệnh từ ảnh này, mô tả nguyên nhân, triệu chứng và đưa ra biện pháp phòng trừ/điều trị chi tiết.

YÊU CẦU ĐẶC BIỆT: Hãy mở đầu câu trả lời bằng việc tóm tắt lại chẩn đoán bệnh từ ảnh (ví dụ: 'Dựa vào phân tích ảnh, cây đang có dấu hiệu...'). Sau đó, đưa ra các biện pháp phòng trừ và điều trị chi tiết dựa trên tài liệu theo yêu cầu của người dùng.","Dựa vào phân tích ảnh, cây đang có dấu hiệu bị bệnh đạo ôn lá (47%) hoặc bệnh đốm nâu (35%). Tuy nhiên, mức độ tin cậy thấp, cần xem xét thêm. 

Triệu chứng của bệnh đạo ôn lá bao gồm lá cây bị vàng, khô và rụng. Nguyên nhân gây bệnh có thể là do nấm Pyricularia oryzae. 

Biện pháp phòng trừ và điều trị bệnh đạo ôn lá bao gồm:
- Sử dụng thuốc trừ nấm
- Thực hiện quy trình quản lý tổng hợp (QLTH) bệnh đạo ôn
- Sử dụng vi sinh vật đối kháng như Streptomyces và Bacillus
- Trồng giống lúa kháng bệnh
- Thực hiện luân canh cây trồng
- Vệ sinh đồng ruộng
- Cung cấp đủ dinh dưỡng cho cây

Lưu ý: Cần phải chẩn đoán bệnh chính xác và đưa ra biện pháp phòng trừ và điều trị phù hợp để tránh làm nặng thêm tình trạng bệnh.",
2026-03-24 09:44:31,"THÔNG TIN ẢNH: Ảnh chụp cho thấy triệu chứng giống bệnh đạo ôn cổ bông (độ tin cậy 100.0%).
CÂU HỎI CỦA NGƯỜI DÙNG: Hãy chẩn đoán bệnh từ ảnh này, mô tả nguyên nhân, triệu chứng và đưa ra biện pháp phòng trừ/điều trị chi tiết.

YÊU CẦU ĐẶC BIỆT: Hãy mở đầu câu trả lời bằng việc tóm tắt lại chẩn đoán bệnh từ ảnh (ví dụ: 'Dựa vào phân tích ảnh, cây đang có dấu hiệu...'). Sau đó, đưa ra các biện pháp phòng trừ và điều trị chi tiết dựa trên tài liệu theo yêu cầu của người dùng.","Dựa vào phân tích ảnh, cây đang có dấu hiệu bị bệnh đạo ôn cổ bông với độ tin cậy 100.0%. Bệnh đạo ôn cổ bông là một loại bệnh phổ biến trên cây lúa, gây ra bởi nấm Pyricularia oryzae. Triệu chứng của bệnh bao gồm việc lá cây trở nên vàng, khô và gãy, đồng thời có thể xuất hiện các vết đen trên lá và thân cây. Để phòng trừ và điều trị bệnh đạo ôn cổ bông, có thể sử dụng các biện pháp sau: sử dụng thuốc hóa học, luân canh cây trồng, cải thiện điều kiện đất và sử dụng các chủng vi sinh vật đối kháng như Streptomyces và Bacillus. Ngoài ra, cũng có thể áp dụng các biện pháp phòng trừ sinh học như sử dụng nấm đối kháng, vi khuẩn đối kháng và các chất điều hòa sinh trưởng thực vật.",
2026-03-24 09:44:42,"THÔNG TIN ẢNH: Ảnh chụp cho thấy triệu chứng giống bệnh bạc lá (bạc lá vi khuẩn) (độ tin cậy 100.0%).
CÂU HỎI CỦA NGƯỜI DÙNG: Hãy chẩn đoán bệnh từ ảnh này, mô tả nguyên nhân, triệu chứng và đưa ra biện pháp phòng trừ/điều trị chi tiết.

YÊU CẦU ĐẶC BIỆT: Hãy mở đầu câu trả lời bằng việc tóm tắt lại chẩn đoán bệnh từ ảnh (ví dụ: 'Dựa vào phân tích ảnh, cây đang có dấu hiệu...'). Sau đó, đưa ra các biện pháp phòng trừ và điều trị chi tiết dựa trên tài liệu theo yêu cầu của người dùng.","Dựa vào phân tích ảnh, cây đang có dấu hiệu bị bệnh bạc lá (bạc lá vi khuẩn) với độ tin cậy 100.0%. Tuy nhiên, tài liệu hiện tại không cung cấp thông tin cụ thể về nguyên nhân, triệu chứng và biện pháp phòng trừ/điều trị của bệnh này. Để có thể đưa ra chẩn đoán và biện pháp chính xác, cần phải có thêm thông tin từ các nguồn khác hoặc từ chuyên gia trong lĩnh vực này.",
